Brand_Name,Device_type,Model_Name,Color,Selling_Price,Original_Price,Rating__Out_of_5_,Strap_Material
APPLE,Smartwatch,42 mm White Ceramic Case with Cloud Sport,Cloud,114900,114900,4.7,Nylon
APPLE,Smartwatch,Series 3 GPS + Cellular- 42 mm Gray Ceramic Case,Black,122090,122090,4.6,Nylon
APPLE,Smartwatch,Series 3 GPS + Cellular- 42 mm White Ceramic Case,Black,122090,122090,4.6,Nylon
GARMIN ,Smartwatch,Vivomove Style,"White, Pink",26990,31490,3.3,Nylon
Honor,Smartwatch,GS Pro,Black,13999,20999,4.4,Nylon
Honor,Smartwatch,GS Pro,Blue,17999,20999,4.4,Nylon
GARMIN ,Smartwatch,Fenix 6,"Black, Red, Orange",76990,86690,,Nylon
GARMIN ,Smartwatch,Fenix 6 Pro Solar,"Grey, Black",72990,88490,,Nylon
GARMIN ,Smartwatch,Fenix 6X,"Black, Orange, Red",79990,88490,,Nylon
GARMIN ,Smartwatch,Fenix 6,"Grey, Blue",77990,86690,,Nylon
GARMIN ,Smartwatch,Fenix 6S,"Black, White",77990,86690,,Nylon
GARMIN ,Smartwatch,Fenix 6 Pro Solar,Yellow,84490,88490,,Nylon
FitBit,Smartwatch,Versa Special Edition,Charcoal ,10365,23499,4.1,Fabric
Zebronics,Smartwatch,Smarttime 200,Black,1499,2999,3.1,Rubber
FitBit,FitnessBand,Flex Small,"Violet, black, Grey, Teal, Blue, Red",8490,8490,3.8,Rubber
SAMSUNG ,FitnessBand,Galaxy Fit-e Smart,Black,2000,2590,3.8,Rubber
SAMSUNG ,FitnessBand,Galaxy Fit-e Smart,Yellow,2490,2590,3.8,Rubber
SAMSUNG ,FitnessBand,Galaxy Fit,Silver,8990,9990,4.0,Rubber
SAMSUNG ,Smartwatch,Neo Gear 2,Black,15500,16860,3.9,Rubber
SAMSUNG ,Smartwatch,Gear Live,Black,15900,15900,4.2,Rubber
SAMSUNG ,FitnessBand,Activity Tracker,Black,13201,15885,4.2,Rubber
Zebronics,Smartwatch,ZEB-FIT5220CH,Gold,3299,4999,,Rubber
Zebronics,Smartwatch,ZEB-FIT5220CH,Blue,3299,4999,,Rubber
Oppo,Smartwatch,46 mm,"Black, Gold",14990,19990,3.9,Rubber
Oppo,Smartwatch,41mm,"Pink, Silver, Black",17990,24990,3.9,Rubber
SAMSUNG ,Smartwatch,R600NZBAXAR 600,Blue,21390,25155,4.5,Rubber
SAMSUNG ,Smartwatch,Galaxy Gear,Gold,50408,60241,3.2,Rubber
FOSSIL ,Smartwatch,Q Venture,Blue,19999,21995,3.8,Leather
FOSSIL ,Smartwatch,Jacqueline,Gold,13495,13495,4.6,Leather
FOSSIL ,Smartwatch,Q Annette,Gold,6995,13495,4.6,Leather
FOSSIL ,Smartwatch,Garrett,Brown,8995,11995,3.7,Leather
FOSSIL ,Smartwatch,Neely,White,8995,13495,4.7,Leather
FOSSIL ,Smartwatch,Q Venture,White ,4399,21995,3.8,Leather
FOSSIL ,Smartwatch,Q Venture,Beige,15995,15995,4.6,Leather
FOSSIL ,Smartwatch,Gen 5 Carlyle HR,Black,15995,22995,4.2,Leather
FOSSIL ,Smartwatch,Gen 5 Carlyle HR,"Brown, Grey",14995,22995,4.2,Leather
FOSSIL ,Smartwatch,Q Neely,Black,6995,12995,4.6,Leather
FOSSIL ,Smartwatch,FTW5012 Hybrid,Brown,9097,12995,4.6,Leather
FOSSIL ,Smartwatch,FTW6007,Brown,19995,19995,4.1,Leather
FOSSIL ,Smartwatch,FTW1151 Hybrid,Gold,8995,11995,4.3,Leather
FOSSIL ,Smartwatch,Q Explorist,Black,19995,19995,4.4,Leather
FOSSIL ,Smartwatch,FTW4003,Brown,19995,19995,3.1,Leather
FOSSIL ,Smartwatch,FTW1146 Q Hybrid,Gold,11995,11995,4.6,Leather
FOSSIL ,Smartwatch,FTW20013 Q,Black,21495,21495,4.6,Leather
FOSSIL ,Smartwatch,FTW1144 Q Hybrid,Black,8995,13995,4.6,Leather
FOSSIL ,Smartwatch,FTW1145 Q Hybrid,Gray,6995,13995,4.6,Leather
FOSSIL ,Smartwatch,FTW5011 Hybrid,Black,8995,14495,4.8,Leather
FOSSIL ,Smartwatch,FTW2120SET Q,Gray,23995,23995,4.6,Leather
FOSSIL ,Smartwatch,FTW1136 Q Hybrid,Blue,11995,11995,4.6,Leather
Zebronics,Smartwatch,Fit-650,Black,2949,4199,3.1,Leather
Huawei,Smartwatch,Watch 2,Black,25999,25999,3.9,Leather
FOSSIL ,Smartwatch,Carlie,Beige,11995,11995,4.8,Leather
Crossbeats,Smartwatch,Orbit - Special Edition,Brown,4190,9999,3.9,Leather
FOSSIL ,Smartwatch,Charter Hybrid HR,Gold,13196,16495,3.9,Leather
FOSSIL ,Smartwatch,Jacqueline Hybrid,Rose Gold,10796,13495,4.0,Leather
FOSSIL ,Smartwatch,Neutra Hybrid,"Brown, Black",11995,11995,5.0,Leather
FOSSIL ,Smartwatch,Barstow Hybrid,Brown,8995,11995,4.6,Leather
FOSSIL ,Smartwatch,Charter Hybrid HR,Black,14021,16495,3.9,Leather
FOSSIL ,Smartwatch,Garrett Hybrid,Brown,11995,11995,3.7,Leather
FOSSIL ,Smartwatch,Jacqueline Hybrid,Navy ,8995,13495,4.0,Leather
FOSSIL ,Smartwatch,Cameron Hybrid Smartwatch,Blue,13495,13495,4.6,Leather
FOSSIL ,Smartwatch,Jacqueline Hybrid,Black,11995,11995,4.6,Leather
FOSSIL ,Smartwatch,Charter Hybrid HR,Silver,12396,14995,3.9,Leather
FOSSIL ,Smartwatch,Jacqueline Hybrid,Blue,6995,11995,4.6,Leather
FOSSIL ,Smartwatch,Jacqueline Hybrid,Silver,13495,13495,4.6,Leather
FOSSIL ,Smartwatch,Commuter Hybrid,Brown,8995,11995,4.6,Leather
Xiaomi,FitnessBand,HMSH01GE,Black,1722,2099,3.5,Leather
Honor,Smartwatch,Magic Watch 2,Brown,13999,15999,4.4,Leather
SAMSUNG ,Smartwatch,Galaxy Watch 3,Black,28990,30990,4.3,Leather
SAMSUNG ,Smartwatch,Galaxy Active 2 Steel,Black,24490,31990,4.4,Leather
SAMSUNG ,Smartwatch,Galaxy Watch 3,Black,39490,39490,4.3,Leather
SAMSUNG ,Smartwatch,Gear S2 Classic,Black,18999,34550,4.2,Leather
SAMSUNG ,Smartwatch,T-Mobile,Black,21990,22990,4.3,Leather
SAMSUNG ,Smartwatch,Gear S2 Classic,Black,18999,30000,4.2,Leather
FOSSIL ,Smartwatch,Commuter,Black,11995,11995,4.3,Leather
FOSSIL ,Smartwatch,The Carlyle HR,Black,25995,25995,4.2,Leather
FOSSIL ,Smartwatch,FTW6009 Black HR,Black,13995,13995,4.1,Leather
FOSSIL ,Smartwatch,Garrett HR,Grey,14995,22995,4.1,Leather
GARMIN ,Smartwatch,Venu 2,"Black, Blue",41990,41990,4.7,Leather
GARMIN ,Smartwatch,Running GPS 935,Black,42990,42990,,Leather
GARMIN ,Smartwatch,Forerunner,Black,44990,44990,,Leather
Huawei,Smartwatch,Stainless Steel,Black,19990,19990,4.5,Leather
Huawei,Smartwatch,GT Classic,Brown,10990,21990,4.5,Leather
GARMIN ,Smartwatch,Fenix 6,"Black, Grey",74990,82990,,Leather
GARMIN ,Smartwatch,Fenix 6 Sapphire Gray DLC,Black,74990,82990,,Leather
GARMIN ,Smartwatch,Fenix,Black,54990,54990,,Leather
GARMIN ,Smartwatch,Fenix 6X Solar,"Black, Grey",105990,119490,,Leather
GARMIN ,Smartwatch,Fenix 6X,"Bluw, White ",86990,96390,,Leather
Xiaomi,FitnessBand,Band - HRX Edition,Black,1299,1799,4.2,Plastic
Xiaomi,FitnessBand,Band 3,Black,1799,2199,4.3,Plastic
Xiaomi,FitnessBand,Band 2,Black,2499,2499,4.3,Plastic
Honor,FitnessBand,Band 4,"Meteorite Black, Midnight Navy",2700,2999,4.4,Plastic
Honor,FitnessBand,Band 3,Dynamic Orange,2499,2999,4.3,Plastic
Honor,FitnessBand,Band 5i,Black,2469,2999,4.2,Plastic
Honor,FitnessBand,Band 3,Navy Blue,2499,2999,4.3,Plastic
Honor,FitnessBand,Band 4,Black,2599,2999,4.4,Plastic
Honor,FitnessBand,band 4 running,Black,1649,2000,3.2,Plastic
Honor,FitnessBand,Band 3,Black,4750,5499,4.3,Plastic
Honor,FitnessBand,Band 6,"Sandstone Grey, Meteorite Black, Coral Pink, ",2999,5999,4.3,Plastic
Honor,FitnessBand,Band 5,Black,2899,2999,4.4,Plastic
Honor,FitnessBand,Band 5,Black,2099,2999,4.4,Plastic
Honor,FitnessBand,Band 5,Olive Green,2199,2999,4.4,Plastic
Honor,FitnessBand,Band 5i,Black,1799,2999,4.2,Plastic
Honor,FitnessBand,Band Z1,Black,5499,5499,3.9,Plastic
FOSSIL ,Smartwatch,Q ACTIVIST,Brown,6995,6995,3.0,leather
GARMIN ,Smartwatch,Fenix 6 Sapphire Titanium,Blue Sapphire,81990,96690,,Leather 
huami,Smartwatch,Amazfit Bip U,"Black, Pink",2999,5999,4.2,Silicone
huami,Smartwatch,Amazfit T-Rex,"Green, Grey",5999,10999,4.3,Silicone
FOSSIL ,Smartwatch,Q Annette,Silver,6995,11995,4.6,Silicone
FOSSIL ,Smartwatch,Q Jacqueline,Gold,13495,13495,4.4,Silicone
FOSSIL ,Smartwatch,Q Jacqueline,Silver,8995,13495,4.4,Silicone
FOSSIL ,Smartwatch,Q Control,multicolor,15995,15995,4.3,Silicone
FOSSIL ,Smartwatch,Q Control,Brown,15995,15995,4.3,Silicone
APPLE,Smartwatch,Series 7 GPS 45 mm,Black,44900,44900,5.0,Silicone
APPLE,Smartwatch,Nike Series 5 GPS + Cellular 44 mm,Black,52900,52900,4.7,Silicone
FOSSIL ,Smartwatch,Sport,Multicolor,17995,17995,3.9,Silicone
FOSSIL ,Smartwatch,Sport 43,Black,9995,17995,4.0,Silicone
FOSSIL ,Smartwatch,Sport,Red,17995,17995,4.6,Silicone
FOSSIL ,Smartwatch,Sport 43,Blue,9995,17995,4.0,Silicone
FOSSIL ,Smartwatch,Sport 41,"Blue, Black, Gray",17995,17995,4.0,Silicone
FOSSIL ,Smartwatch,Sport,Black,17995,17995,4.6,Silicone
FOSSIL ,Smartwatch,Sport,Grey,17995,17995,4.6,Silicone
FOSSIL ,Smartwatch,Sport 41,"Red, Green",9995,17995,4.0,Silicone
Noise,FitnessBand,ColorFit,"Black, Blue",2199,2499,3.6,Silicone
Ptron,Smartwatch,Pulsefit,Black,799,3199,2.5,Silicone
Ptron,Smartwatch,Pulsefit P461,"Black, Blue",1399,2999,3.3,Silicone
Ptron,Smartwatch,Pulsefit P261,Blue,1299,2999,3.1,Silicone
Ptron,Smartwatch,Tronite,Brown,949,2000,3.7,Silicone
Zebronics,FitnessBand,ZEB-FIT450,Blue,1699,1899,3.3,Silicone
Zebronics,FitnessBand,zeb-fit,"Black, Grey",1283,1899,3.3,Silicone
Infinix,FitnessBand,Band 5,"Black, Blue, Red",1499,2999,3.8,Silicone
LCARE,FitnessBand,Mambo,Black,1699,2995,3.8,Silicone
Fastrack,Smartwatch,Reflex 3.0,Black,2200,2995,4.1,Silicone
Fastrack,Smartwatch,Reflex Beat,"Purple, Black",1645,2195,4.0,Silicone
Fastrack,FitnessBand,Reflex Smart Band,"Orange, Red, Black",1595,1995,4.0,Silicone
Fastrack,FitnessBand,Reflex Smart Band,"Green, Grey",1195,1995,4.1,Silicone
FitBit,FitnessBand,Inspire,Maroon ,7990,7999,4.2,Silicone
FitBit,FitnessBand,FB413LVLV,Lilac ,8807,38500,4.1,Silicone
FitBit,FitnessBand,Inspire HR,Black ,5599,8999,4.3,Silicone
FitBit,FitnessBand,Inspire,Black ,5299,7999,4.2,Silicone
FitBit,FitnessBand,Inspire HR,Purple ,5598,9999,4.3,Silicone
FitBit,FitnessBand,Inspire HR,White ,5899,9999,4.3,Silicone
huami,Smartwatch,Amazfit Verge Lite,Black,5999,8999,4.2,Silicone
FOSSIL ,Smartwatch,Wander RG,Black,18995,18995,4.0,Silicone
GARMIN ,Smartwatch,Vivosmart 4,"Purple, Black",12150,13490,3.9,Silicone
Fire-Boltt,Smartwatch,Ninja touch to Wake,"Beige, Black, Grey",1899,4999,3.9,Silicone
Fire-Boltt,Smartwatch,Ultron,"Black, Blue, Grey, Pink ",3999,10999,4.1,Silicone
Fire-Boltt,Smartwatch,Spin,"Blue, Grey, Pink",5846,5999,2.4,Silicone
Fire-Boltt,Smartwatch,Spin,White,5846,5999,2.4,Silicone
FitBit,Smartwatch,Versa 2,"Grey, Pink, Black",11999,14999,4.3,Silicone
FitBit,FitnessBand,Lunar,White ,10899,10999,4.7,Silicone
FitBit,FitnessBand,Charge 3,Grey ,7599,13999,4.3,Silicone
FitBit,Smartwatch,Versa 2 Special Edition,Multicolor ,15499,23999,4.4,Silicone
FitBit,Smartwatch,Versa,Purple,16990,23499,4.1,Silicone
FitBit,Smartwatch,Versa,Grey ,17895,21499,4.2,Silicone
FitBit,FitnessBand,Charge 2,Black ,7499,14999,4.3,Silicone
FitBit,FitnessBand,Charge 3 Special Edition,"Purple, White",9999,15999,4.0,Silicone
FitBit,FitnessBand,Charge 2,Plum silver,14999,14999,4.4,Silicone
FitBit,Smartwatch,versa,Grey ,21499,21499,4.1,Silicone
FitBit,Smartwatch,Versa,Pink ,16124,19999,4.1,Silicone
FitBit,FitnessBand,Charge 2,Violet ,14999,14999,4.3,Silicone
FitBit,Smartwatch,Versa,Black ,20590,21499,4.1,Silicone
FitBit,Smartwatch,Versa 2,Purple ,13499,21999,4.3,Silicone
FitBit,FitnessBand,Charge 3,Black ,9999,13999,4.3,Silicone
FitBit,FitnessBand,Charge 2,Blue ,7499,14999,4.3,Silicone
FitBit,FitnessBand,Charge 2,Light Blue,14999,14999,4.4,Silicone
FitBit,FitnessBand,Charge 2,Blue ,8999,14999,4.4,Silicone
FitBit,FitnessBand,Charge 2,Black ,7498,14999,4.3,Silicone
FitBit,FitnessBand,Charge 2,Sky Blue ,14999,14999,4.3,Silicone
realme,FitnessBand,Band 2,Black,2999,3499,4.1,Silicone
realme,FitnessBand,Band,Yellow,1499,2999,4.0,Silicone
realme,FitnessBand,Smart band,Grey,1450,2999,4.0,Silicone
realme,FitnessBand,Band,Black,1290,2999,4.0,Silicone
Huawei,FitnessBand,Band 4,Black,1899,3099,4.2,Silicone
Huawei,FitnessBand,Band 2,Black,1699,4999,4.1,Silicone
Huawei,FitnessBand,Band 2,Blue,6999,6999,4.2,Silicone
Huawei,FitnessBand,Band 2,Black,4599,4599,4.1,Silicone
Huawei,FitnessBand,Band 6,"Pink, Black, Teal, Orange",4490,9990,4.4,Silicone
Huawei,FitnessBand,Band 2 Pro Activity,"Pink, Black",2199,5999,4.1,Silicone
GOQii,FitnessBand,Beat,Black,2999,2999,2.8,Silicone
GOQii,FitnessBand,Vital 3.0,Black,3999,3999,3.1,Silicone
LCARE,Smartwatch,Watch,Black,2995,4495,3.5,Silicone
realme,Smartwatch,2S,Black,3499,3999,4.2,Silicone
realme,Smartwatch,Classic,Black,3921,6999,4.0,Silicone
Fastrack,Smartwatch,Reflex 3.0,"Black, Pink",2495,2995,3.8,Silicone
boAt ,Smartwatch,Delta,"Black, Grey, Red",2499,5990,3.6,Silicone
Noise ,Smartwatch,Fit Active,"Blue, Black",3499,5999,4.2,Silicone
Noise ,Smartwatch,NoiseFit Endure,"Black, Red, Blue",2999,5999,3.9,Silicone
Noise ,Smartwatch,NoiseFit Endure,"Grey, Green",2599,5999,3.9,Silicone
Noise ,Smartwatch,ColorFit Pro,"Black, Blue",2513,4999,3.9,Silicone
Noise ,Smartwatch,ColorFit Pro,"Green, Teal, Grey",2499,4999,3.9,Silicone
Honor,Smartwatch,Watch Magic,Black,7999,17999,4.3,Silicone
Honor,Smartwatch,Magic Watch,Brown,9047,17999,4.3,Silicone
huami,Smartwatch,Amazfit GTS 2,Black,11999,17999,4.1,Silicone
huami,Smartwatch,Amazfit Verge,Black,11999,12999,4.1,Silicone
huami,Smartwatch,Bip Lite On,Black,7999,14999,4.1,Silicone
SAMSUNG ,Smartwatch,Galaxy Active 2,"Black, Beige",11990,25990,4.5,Silicone
SAMSUNG ,Smartwatch,Galaxy Active 2,Grey,12990,25990,4.5,Silicone
SAMSUNG ,Smartwatch,Gear Fit 2,Blue,15000,15000,4.2,Silicone
SAMSUNG ,Smartwatch,Gear Fit,Black,7999,16860,3.9,Silicone
SAMSUNG ,Smartwatch,Gear Fit 2 Pro,"Red, Black",9990,14990,4.3,Silicone
SAMSUNG ,Smartwatch,Gear Fit 2,"Pink, Blue",15000,15000,4.2,Silicone
SAMSUNG ,Smartwatch,Gear Fit 2,"Blue, Black",15000,15000,4.2,Silicone
SAMSUNG ,Smartwatch,Gear Sport,Black,15999,22990,3.0,Silicone
GARMIN ,Smartwatch,Venu Sq - Music Edition,"Multicolor, White, Brown",20990,25990,4.3,Silicone
GARMIN ,Smartwatch,Venu Sq,"Grey, White",15990,20990,4.2,Silicone
GARMIN ,Smartwatch,Garmin Instinct Tactical,"Black, Brown",19990,31490,4.7,Silicone
GARMIN ,Smartwatch,Venu,Blue,31990,39990,4.0,Silicone
GARMIN ,Smartwatch,Forerunner 45,"Red, Black",14990,20990,4.4,Silicone
GARMIN ,Smartwatch,Forerunner 245 Music,"Black, Red ",30000,36490,4.2,Silicone
GARMIN ,Smartwatch,Garmin Instinct HR,Flame Red,20990,28490,3.7,Silicone
GARMIN ,Smartwatch,Instinct,Blue,19990,28490,4.4,Silicone
GARMIN ,Smartwatch,Forerunner 245,"Grey, Yellow",24990,31490,4.6,Silicone
GARMIN ,Smartwatch,Lily,"Purple, Grey, Brown, Black, White ",18990,20990,3.3,Silicone
GARMIN ,Smartwatch,Instinct,Graphite,19990,28490,5.0,Silicone
GARMIN ,Smartwatch,Vivomove 3,Black,19990,25990,,Silicone
GARMIN ,Smartwatch,Vivomove,Black,31990,36790,3.3,Silicone
GARMIN ,Smartwatch,Forerunner 55,Black,20990,20990,,Silicone
GARMIN ,Smartwatch,Lily,Black,23490,25990,3.3,Silicone
GARMIN ,Smartwatch,Swim 2,Slate,20990,26990,,Silicone
GARMIN ,Smartwatch,Vivoactive 3 Element,Grey,14990,16990,3.0,Silicone
GARMIN ,Smartwatch,Hybrid,Rose Gold,15911,21335,,Silicone
Huawei,Smartwatch,Fit,Blue,9999,9999,3.4,Silicone
Huawei,Smartwatch,Fit,Orange,6999,9999,3.4,Silicone
Huawei,Smartwatch,Watch 2 Sport,Black,29999,29999,3.8,Silicone
GOQii,FitnessBand,HR,Black,1999,1999,3.8,Silicone
boAt ,Smartwatch,Vertex,"Grey, Blue, Black, Red",2499,6990,3.9,Silicone
Crossbeats,Smartwatch,Ignite S3,"Silver, Black, Green",3999,9999,3.9,Silicone
Crossbeats,Smartwatch,Ignite Pro,"Silver, Black",2999,9999,4.2,Silicone
Noise ,Smartwatch,Evolve 2 ,"Black, Grey, Pink",3999,7999,3.9,Silicone
Noise ,Smartwatch,ColorFit IconBuzz,"Black, Green, Grey",4999,4999,,Silicone
Ptron,Smartwatch,Rhythm,White,1099,3000,3.4,Silicone
Zebronics,Smartwatch,ZEB-FIT8220CH,"Black, Blue, Red, Rose Gold",2199,3999,4.5,Silicone
Zebronics,Smartwatch,ZEB-FIT1220CH,Silver,3499,3999,,Silicone
Zebronics,Smartwatch,ZEB-FIT650CH,Black,3297,4199,2.9,Silicone
Fire-Boltt,Smartwatch,BSW004,Green,4800,9999,,Silicone
Fire-Boltt,Smartwatch,Mercury,"Black, Beige, Grey",2499,7999,4.0,Silicone
Fire-Boltt,Smartwatch,SpO2 Full Touch,"Black, Blue, Grey, Pink, Gold",2999,5999,4.0,Silicone
Fire-Boltt,Smartwatch,Mercury,Red,2999,7999,4.0,Silicone
Fastrack,Smartwatch,Reflex 2.0,"Black, Green",1395,1995,4.1,Silicone
Noise ,Smartwatch,ColorFit Pro 2,"Black, Deep Wine, Blue, Grey, Teal",2699,4999,4.1,Silicone
Honor,Smartwatch,Watch ES,"Black, Pink",4999,10999,4.3,Silicone
huami,Smartwatch,Amazfit GTR 2 Aluminium,"Black, Red",11999,17999,4.1,Silicone
huami,Smartwatch,Amazfit GTR 2 Stainless Steel,"Grey, Blue",12499,17999,4.1,Silicone
Crossbeats,Smartwatch,Orbit Sport,Black,3799,9999,4.1,Silicone
Crossbeats,Smartwatch,Orbit ,"Black, Blue",3799,9999,3.7,Silicone
Crossbeats,Smartwatch,Ignite  ,Green,2799,7999,3.9,Silicone
dizo by realme ,Smartwatch,Watch 2,"Black, Blue, Grey, Pink, White",2699,3999,4.3,Silicone
Zebronics,Smartwatch,ZEB-FIT4220CH,"Black, Grey, Silver",3299,7999,4.2,Silicone
Fire-Boltt,Smartwatch,Ninja Pro,"Black, Blue, Green, Red, Beige, Grey",1999,4999,4.0,Silicone
Fire-Boltt,Smartwatch,Max,"Black, Blue, Green",4499,12999,4.0,Silicone
Fire-Boltt,Smartwatch,AI-BT Calling,"Black, Blue, Grey, Pink",4499,9999,3.7,Silicone
Fire-Boltt,Smartwatch,Talk Bluetooth,"Black, Grey, Green",3499,9999,4.1,Silicone
Fire-Boltt,Smartwatch,Almighty,Orange,4999,14999,4.1,Silicone
Fire-Boltt,Smartwatch,Ninja Pro,White,1999,4999,4.0,Silicone
huami,Smartwatch,Amazfit GTR 42 mm Glitter,White ,9999,16999,4.2,Silicone
huami,Smartwatch,Amazfit GTR 42,Red,9999,12999,4.3,Silicone
GARMIN ,Smartwatch,Approach S62,"White, Black",46990,51990,4.1,Silicone
GARMIN ,Smartwatch,Approach S12,"Black, White",18990,20990,4.0,Silicone
GARMIN ,Smartwatch,Approach S20,"Black, White ",15990,19990,4.1,Silicone
Xiaomi,Smartwatch,Revolve,Black,12349,15999,4.4,Silicone
Xiaomi,Smartwatch,RevolveActive,Black,12999,15999,4.4,Silicone
realme,Smartwatch,2 Pro,Grey,4999,5999,4.4,Silicone
realme,Smartwatch,S,"Black, White",4999,7999,4.3,Silicone
realme,Smartwatch,S,Black,6779,7999,4.3,Silicone
realme,Smartwatch,S Pro,Black,9999,12999,4.1,Silicone
realme,Smartwatch,S Master,Black,5999,8999,4.3,Silicone
realme,Smartwatch,Fashion,Black,5400,6999,4.0,Silicone
Honor,Smartwatch,Z1,Black,5499,5499,3.1,Silicone
huami,Smartwatch,Amazfit GTS,Beige,5499,12999,4.3,Silicone
huami,Smartwatch,Amazfit GTS,Black,5299,12999,4.3,Silicone
huami,Smartwatch,Amazfit GTS,Pink,5999,12999,4.3,Silicone
huami,Smartwatch,Amazfit GTS,Blue,5499,12999,4.3,Silicone
huami,Smartwatch,Amazfit Bip S Lite,Black,1999,4999,3.9,Silicone
huami,Smartwatch,Amazfit GTS 2e,Purple,7999,13999,4.2,Silicone
huami,Smartwatch,Amazfit GTR 42,Black,8999,12999,4.3,Silicone
huami,Smartwatch,Amazfit Stratos 3,Black,13999,17999,3.7,Silicone
huami,Smartwatch,Amazfit Pace,Black,9999,10999,4.2,Silicone
huami,Smartwatch,Amazfit Verge,Black,5999,8999,4.2,Silicone
SAMSUNG ,Smartwatch,Galaxy Active 2,Grey,18990,28490,4.1,Silicone
SAMSUNG ,Smartwatch,Galaxy Active Steel 2 LTE,Brown,30990,34490,4.1,Silicone
SAMSUNG ,Smartwatch,Galaxy Active Steel 2,Black,24490,31990,4.3,Silicone
SAMSUNG ,Smartwatch,Galaxy Classic 4,Blue,34999,34999,4.6,Silicone
SAMSUNG ,Smartwatch,Galaxy 44mm,Beige,24490,28490,3.6,Silicone
SAMSUNG ,Smartwatch,Galaxy Active Steel,Blue,29990,34490,4.1,Silicone
SAMSUNG ,Smartwatch,Gear 2,Black,19999,22550,2.3,Silicone
SAMSUNG ,Smartwatch,Galaxy Watch LTE,Beige,27490,29989,4.2,Silicone
SAMSUNG ,Smartwatch,Gear S3 Frontier,Black,22990,28500,4.3,Silicone
FOSSIL ,Smartwatch,FB-01 Hybrid HR,Black,12396,14995,4.0,Silicone
FOSSIL ,Smartwatch,Collider Hybrid,Black,16495,16495,4.0,Silicone
FOSSIL ,Smartwatch,Collider Hybrid,"Brown, Grey",14995,14995,4.0,Silicone
FOSSIL ,Smartwatch,Sloan HR,Black,24495,24495,4.1,Silicone
FOSSIL ,Smartwatch,Sloan HR,Blue,21995,21995,4.1,Silicone
FOSSIL ,Smartwatch,FB-01 Hybrid,"Blue, Silver",8995,13495,3.9,Silicone
FOSSIL ,Smartwatch,Sloan HR,Gold,21995,21995,4.1,Silicone
GARMIN ,Smartwatch,Garmin Instinct HR,"Graphite, Sunburst",34990,41490,4.1,Silicone
GARMIN ,Smartwatch,Venu 2S,"Grey, White",37990,37990,4.2,Silicone
GARMIN ,Smartwatch,FORERUNNER 745 Magma Red,Magma Red,46990,51990,,Silicone
GARMIN ,Smartwatch,Vivomove Luxe,"Black, Silver, White",39990,52990,,Silicone
GARMIN ,Smartwatch,Forerunner 945,"Black, Blue",56490,62490,4.2,Silicone
GARMIN ,Smartwatch,VIVOMOVE LUXE,Navy ,35990,47490,,Silicone
GARMIN ,Smartwatch,Vivomove 3S,Black,19990,25990,,Silicone
GARMIN ,Smartwatch,Forerunner 55,White,20990,20990,,Silicone
GARMIN ,Smartwatch,Vivoactive 3 Music,Black,23990,29290,3.6,Silicone
GARMIN ,Smartwatch,Vivomove HR,Black,16990,17990,3.6,Silicone
GARMIN ,Smartwatch,HRM-Swim,Black,8990,8990,,Silicone
GARMIN ,Smartwatch,Garmin Instinct Solar Tactical,Grey ,46990,51990,,Silicone
GARMIN ,Smartwatch,Forerunner 935,Tidal Blue,39990,48790,4.7,Silicone
GARMIN ,Smartwatch,Hybrid 3,Black,19990,25990,,Silicone
GARMIN ,Smartwatch,Forerunner 245 Music Japan Edition,"Red, White ",29990,36490,,Silicone
GARMIN ,Smartwatch,Instinct Solar Tidal,"Tidal Blue, Flame Red",34990,41490,,Silicone
GARMIN ,Smartwatch,Vivoactive 3 Music,Blue,26990,26990,3.6,Silicone
GARMIN ,Smartwatch,Forerunner 935,Flame Red,33742,48990,4.7,Silicone
GARMIN ,Smartwatch,Forerunner 745 Whitestone,White,46990,51990,,Silicone
GARMIN ,Smartwatch,VIVOACTIVE 4S,Powder Gray,34990,34990,,Silicone
GARMIN ,Smartwatch,Forerunner 935,"Black, Green, Yellow",42990,42990,4.7,Silicone
GARMIN ,Smartwatch,Forerunner 235,Black,18990,22990,4.7,Silicone
GARMIN ,Smartwatch,Forerunner 235,Blue,24990,31197,4.7,Silicone
GARMIN ,Smartwatch,Venu,Black,32990,39990,4.0,Silicone
GARMIN ,Smartwatch,Vivoactive 4,Black,28990,34990,4.3,Silicone
GARMIN ,Smartwatch,Forerunner 245 Music,"Grey, White",33490,34990,4.2,Silicone
GARMIN ,Smartwatch,Garmin Instinct Solar Tactical,White,42990,47490,,Silicone
GARMIN ,Smartwatch,Forerunner 745 Black,Black,46990,51990,5.0,Silicone
GARMIN ,Smartwatch,Vivoactive HR,Black,21990,21990,3.5,Silicone
GARMIN ,Smartwatch,vivoactive 4S 40mm,"Rose Gold, Slate Black",28990,34990,5.0,Silicone
GARMIN ,Smartwatch,Instinct,"Blue, Orange",25249,26990,4.4,Silicone
GARMIN ,Smartwatch,Instinct Solar Camo Edition,"Black, Grey",47490,47490,4.7,Silicone
GARMIN ,Smartwatch,Vivomove 3S,Black,19990,25990,,Silicone
GARMIN ,Smartwatch,Lily,"Purple, White",18990,20990,3.3,Silicone
GARMIN ,Smartwatch,Vivoactive 3 Element Cerise,Cerise,14990,16990,,Silicone
GARMIN ,Smartwatch,Forerunner 235,Black,21999,27790,4.7,Silicone
GARMIN ,Smartwatch,VIVOMOVE 3S Navy,Rose Gold,19990,25990,,Silicone
GARMIN ,Smartwatch,Vivoactive 4,Purple,28990,34990,4.3,Silicone
GARMIN ,Smartwatch,Vivoactive 3 Music,White,19144,26990,3.6,Silicone
GARMIN ,Smartwatch,Forerunner15 Heart,Black,12999,14499,4.7,Silicone
GARMIN ,Smartwatch,Forerunner 235 Activity Tracker,Black,22990,22990,,Silicone
GARMIN ,Smartwatch,Vivoactive 3 element,Black,22990,29990,3.6,Silicone
GARMIN ,Smartwatch,Forerunner 35,Frost Blue,16990,16990,,Silicone
GARMIN ,Smartwatch,Forerunner,Black,16990,16990,,Silicone
GARMIN ,Smartwatch,Forerunner,Blue,29990,29990,,Silicone
GARMIN ,Smartwatch,Vivoactive 3 element,Grey,13578,24990,3.6,Silicone
GARMIN ,Smartwatch,Rubber 35,Black,16990,16990,2.0,Silicone
GARMIN ,Smartwatch,FORRUNNER 235,Black,22990,22990,,Silicone
GARMIN ,Smartwatch,Forerunner,Black,27990,27990,,Silicone
GARMIN ,Smartwatch,Forerunner Fitness Notifier,Black,15990,16743,,Silicone
GARMIN ,Smartwatch,Vivomove HR,Black,12990,19990,3.7,Silicone
GARMIN ,Smartwatch,Vivoactive 3 element,Blue,16990,16990,3.6,Silicone
GARMIN ,Smartwatch,Vivoactive,Black,27990,27990,4.8,Silicone
GARMIN ,Smartwatch,Forerunner 735XT,Black,39990,39990,,Silicone
GARMIN ,Smartwatch,HR GPS Smart,Black,15999,20000,,Silicone
Huawei,Smartwatch,GT Active,Green,8990,20990,4.4,Silicone
Huawei,Smartwatch,GT Active,Orange,15990,20990,4.4,Silicone
Huawei,Smartwatch,GT Sport,Black,10990,20990,4.4,Silicone
Huawei,Smartwatch,Watch 32564546,Black,49999,49999,4.1,Silicone
Huawei,Smartwatch,Watch 36456,Black,55000,55000,4.1,Silicone
dizo by realme ,Smartwatch,Watch Pro,"Blue, Black",3799,5999,4.2,Silicone
Crossbeats,Smartwatch,Ace,Grey,2999,9999,3.9,Silicone
Crossbeats,Smartwatch,Trak,Black,3999,9999,3.8,Silicone
Noise ,Smartwatch,ColorFit Caliber,"Black, Blue, White",2699,3999,4.3,Silicone
huami,Smartwatch,Amazfit GTR 47,Black,10999,18999,4.2,Silicone
huami,Smartwatch,Amazfit GTR 47,Black,8999,13999,4.3,Silicone
huami,Smartwatch,Amazfit Verge,Black,12999,12999,4.1,Silicone
huami,Smartwatch,Amazfit Verge,Black,11999,12999,4.1,Silicone
huami,Smartwatch,Amazfit Stratos,Black,12999,15999,4.2,Silicone
huami,Smartwatch,Amazfit Bip,Black,5499,6999,4.2,Silicone
huami,Smartwatch,Amazfit Bip,Pink,5499,5990,4.2,Silicone
huami,Smartwatch,Amazfit Bip,Red,4950,5990,4.2,Silicone
huami,Smartwatch,Amazfit Bip,Purple,5499,6999,4.2,Silicone
huami,Smartwatch,Amazfit Bip,Grey,6399,7399,4.4,Silicone
GARMIN ,Smartwatch,Fenix 5X,Black,58490,58490,,Silicone
GARMIN ,Smartwatch,Fenix 5X Plus,"White, Black",59990,79990,,Silicone
GARMIN ,Smartwatch,Fenix 5S Frost Blue,Blue Sapphire,39990,53190,,Silicone
GARMIN ,Smartwatch,Fenix 5,Black,47990,52990,,Silicone
GARMIN ,Smartwatch,Fenix 5S Plus,Blue Sapphire,49990,53190,,Silicone
GARMIN ,Smartwatch,Fenix 5s,Blue Sapphire,54990,54990,,Silicone
GARMIN ,Smartwatch,Fenix 5s,"Black, White ",34990,49990,,Silicone
APPLE,Smartwatch,Series 3 GPS - 42 mm Space Grey Aluminium Case,Black,18900,23900,4.6,Aluminium
APPLE,Smartwatch,SE 44 mm Space Grey Aluminium Case,Black,30400,32900,4.7,Aluminium
APPLE,Smartwatch,Series 3 GPS - 38 mm Space Grey Aluminium Case,Black,16900,20900,4.6,Aluminium
APPLE,Smartwatch,SE GPS + Cellular 44 mm Aluminium Case,Black,36900,36900,4.6,Aluminium
APPLE,Smartwatch,SE GPS + Cellular 40 mm Space Grey Aluminium Case,Charcoal,31400,33900,4.6,Aluminium
APPLE,Smartwatch,SE 40 mm Space Grey Aluminium Case,"Black, Pink, White",27400,29900,4.7,Aluminium
APPLE,Smartwatch,Series 6 GPS + Cellular 40 mm Red Aluminium Case,Red,45690,49900,4.5,Aluminium
APPLE,Smartwatch,SE 44 mm Gold Aluminium Case,Pink Sand,30400,32900,4.7,Aluminium
APPLE,Smartwatch,SE GPS + Cellular 40 mm Gold Aluminium Case,Plum,31400,33900,4.6,Aluminium
APPLE,Smartwatch,SE GPS + Cellular 40 mm Aluminium Case,Black,33900,33900,4.6,Aluminium
APPLE,Smartwatch,Series 6 GPS 40 mm Silver Aluminium Case,White,37490,40900,4.5,Aluminium
APPLE,Smartwatch,Series 6 GPS + Cellular 40 mm Blue Aluminium Case,Deep Navy,45690,49900,4.5,Aluminium
APPLE,Smartwatch,Series 6 GPS 44 mm Red Aluminium Case,Red,40190,43900,4.5,Aluminium
APPLE,Smartwatch,SE GPS 44 mm Aluminium Case,Black,32900,32900,4.7,Aluminium
APPLE,Smartwatch,Series 6 GPS + Cellular 40 mm Space Grey Aluminium Case,black,45690,49900,4.5,Aluminium
APPLE,Smartwatch,Series 6 GPS + Cellular 40 mm Space Grey Aluminium Case,White,69900,69900,4.2,Aluminium
APPLE,Smartwatch,Series 6 GPS 44 mm Blue Aluminium Case,Deep Navy,43900,43900,4.5,Aluminium
APPLE,Smartwatch,Series 6 GPS + Cellular 44 mm Silver Aluminium Case,White,48490,52900,4.5,Aluminium
APPLE,Smartwatch,Series 6 GPS + Cellular 40 mm Gold Aluminium Case,Pink Sand,45690,49900,4.5,Aluminium
APPLE,Smartwatch,Series 5 GPS + Cellular 44 mm Gold Aluminium Case,Pink Sand,52900,52900,4.7,Aluminium
APPLE,Smartwatch,Series 5 GPS + Cellular 44 mm Space Grey Aluminium Case,Black,52900,52900,4.7,Aluminium
APPLE,Smartwatch,Series 6 GPS + Cellular 40 mm Red Aluminium Case,Red,45690,49900,4.5,Aluminium
APPLE,Smartwatch,Series 5 GPS + Cellular 40 mm Space Grey Aluminium Case,Black,39990,49900,4.5,Aluminium
APPLE,Smartwatch,Series 6 GPS + Cellular 40 mm Silver Aluminium Case,White,45690,49900,4.5,Aluminium
APPLE,Smartwatch,SE GPS 40 mm Aluminium Case,Black,29900,29900,4.7,Aluminium
APPLE,Smartwatch,Series 5 GPS 40 mm Silver Aluminium Case,White,40900,40900,4.7,Aluminium
APPLE,Smartwatch,Series 6 GPS 44 mm Blue Aluminium Case,Deep Navy,43900,43900,4.5,Aluminium
APPLE,Smartwatch,SE GPS + Cellular 44 mm Space Grey Aluminium Case,Charcoal,33900,36900,4.6,Aluminium
APPLE,Smartwatch,SE GPS + Cellular 40 mm Space Grey Aluminium Case,Black,31400,33900,4.6,Aluminium
APPLE,Smartwatch,Series 6 GPS + Cellular 44 mm Space Grey Aluminium Case,Black,48490,52900,4.5,Aluminium
APPLE,Smartwatch,Series 7 GPS + Cellular 41 mm Aluminium,Black,50900,50900,4.6,Aluminium
APPLE,Smartwatch,"Series 7 GPS + Cellular, 45 mm Aluminium",Black,53900,53900,4.6,Aluminium
APPLE,Smartwatch,SE GPS + Cellular 40 mm Silver Aluminium Case,White,31400,33900,4.6,Aluminium
APPLE,Smartwatch,Series 6 GPS 40 mm Blue Aluminium Case,Deep Navy,37490,40900,4.5,Aluminium
APPLE,Smartwatch,SE GPS + Cellular 40 mm Silver Aluminium Case,Deep Navy,31400,33900,4.6,Aluminium
APPLE,Smartwatch,Series 6 GPS 40 mm Gold Aluminium Case,Pink Sand,37490,40900,4.5,Aluminium
APPLE,Smartwatch,SE GPS + Cellular 44 mm Space Grey Aluminium Case,Black,33900,36900,4.6,Aluminium
APPLE,Smartwatch,SE GPS + Cellular 40 mm Gold Aluminium Case,Pink Sand,31400,33900,4.6,Aluminium
APPLE,Smartwatch,Series 6 GPS + Cellular 44 mm Red Aluminium Case,Red,48490,52900,4.5,Aluminium
APPLE,Smartwatch,Series 6 GPS 40 mm Space Grey Aluminium Case,Black,37490,40900,4.5,Aluminium
APPLE,Smartwatch,Series 6 GPS + Cellular 44 mm Blue Aluminium Case,Deep Navy,48490,52900,4.5,Aluminium
APPLE,Smartwatch,SE GPS + Cellular 40 mm Gold Aluminium Case,Silver Milanese,67900,73900,4.5,Aluminium
APPLE,Smartwatch,SE GPS + Cellular 44 mm Gold Aluminium Case,Pink Sand,33900,36900,4.6,Aluminium
APPLE,Smartwatch,SE GPS + Cellular 44 mm Silver Aluminium Case,Deep Navy,33900,36900,4.6,Aluminium
APPLE,Smartwatch,Series 6 GPS 44 mm Space Grey Aluminium Case,Black,40190,43900,4.5,Aluminium
APPLE,Smartwatch,SE GPS + Cellular 44 mm Silver Aluminium Case,White,33900,36900,4.6,Aluminium
APPLE,Smartwatch,Series 6 GPS 44 mm Silver Aluminium Case,White,43900,43900,4.5,Aluminium
APPLE,Smartwatch,SE GPS + Cellular 44 mm Gold Aluminium Case,Plum,33900,36900,4.6,Aluminium
APPLE,Smartwatch,SE GPS + Cellular 44 mm Gold Aluminium Case,Pink Sand,43900,43900,4.5,Aluminium
APPLE,Smartwatch,Series 7 GPS 41 mm Aluminium Case,Black,41900,41900,5.0,Aluminium
APPLE,Smartwatch,Sport 42 mm Space Grey Aluminium Case,Black,29900,29900,4.6,Aluminium
APPLE,Smartwatch,42 mm Space Gray Aluminium,Black Woven,29900,29900,4.5,Aluminium
APPLE,Smartwatch,Series 1 - 38 mm Silver Aluminium Case,White,21900,21900,4.6,Aluminium
APPLE,Smartwatch,Series 1 - 42 mm Gold Aluminium Case,Cocoa,25900,25900,4.6,Aluminium
APPLE,Smartwatch,2 - 42 mm Silver Aluminium Case,Pearl Woven,34900,34900,4.7,Aluminium
APPLE,Smartwatch,Nike+ GPS - 42 mm Space Gray Aluminium Case,Black,32380,32380,4.6,Aluminium
APPLE,Smartwatch,Nike+ - 38 mm Space Gray Aluminium Case,Black,31600,31600,4.5,Aluminium
FitBit,Smartwatch,Sense,"Black, Pink, Beige",21499,22999,4.2,Elastomer
FitBit,Smartwatch,Versa 3,"Black, Blue, Pink",17999,18999,4.3,Elastomer
FitBit,FitnessBand,Charge 4,"Storm Blue, Black, Rosewood",9999,9999,4.2,Elastomer
FitBit,FitnessBand,Charge 4,Granite Reflective ,10999,11999,4.2,Elastomer
FitBit,Smartwatch,Ionic,Black ,18999,24999,4.1,Elastomer
FitBit,Smartwatch,Ionic,Blue ,22499,24999,4.1,Elastomer
FitBit,Smartwatch,Ionic,Grey ,26499,26499,4.1,Elastomer
FitBit,Smartwatch,Surge,Blue,24990,24990,3.8,Elastomer
FitBit,Smartwatch,Blaze,Purple,17999,19999,4.2,Elastomer
FitBit,Smartwatch,Blaze,Blue,19999,19999,4.2,Elastomer
FitBit,Smartwatch,Blaze,Black,22999,22999,4.2,Elastomer
FitBit,Smartwatch,Surge,Black,19990,19990,3.8,Elastomer
FitBit,FitnessBand,Alta HR,"Black, Plum, Grey",14999,14999,4.3,Elastomer
FitBit,Smartwatch,Versa Lite Edition,Purple ,16999,16999,4.2,Elastomer
FitBit,Smartwatch,Surge,Orange,24990,24990,3.8,Elastomer
FitBit,FitnessBand,Alta HR,"Rose Gold, Gun Metal Black",16999,16999,4.3,Elastomer
FitBit,Smartwatch,Versa Lite Edition,Blue ,14399,15999,4.2,Elastomer
FitBit,FitnessBand,Alta,"Black, Purple, Teal, Blue",12999,12999,4.1,Elastomer
FitBit,Smartwatch,Versa 3,"Black, Blue, Pink",17999,18999,4.3,Elastomer
FitBit,Smartwatch,Surge,Black,9999,19990,3.8,Elastomer
SAMSUNG ,Smartwatch,Galaxy 46mm,Grey,16990,33999,4.5,Elastomer
SAMSUNG ,Smartwatch,Galaxy Classic 4,Black,32959,37999,4.6,Elastomer
SAMSUNG ,Smartwatch,Galaxy Classic 4,Silver,40000,42999,4.6,Elastomer
SAMSUNG ,Smartwatch,Galaxy Classic 4,Silver,34999,37999,4.6,Elastomer
SAMSUNG ,Smartwatch,Galaxy Classic 4 LTE,Black,28999,31999,5.0,Elastomer
SAMSUNG ,Smartwatch,Galaxy Watch 4 LTE,Black,31999,34999,4.6,Elastomer
SAMSUNG ,Smartwatch,Galaxy Watch 4 Classic LTE,Black,40000,42999,4.6,Elastomer
SAMSUNG ,Smartwatch,Galaxy Watch 4 LTE,Pink,28999,31999,4.6,Elastomer
SAMSUNG ,Smartwatch,Galaxy Classic 4 LTE,"Silver, Green",36999,39999,4.6,Elastomer
SAMSUNG ,Smartwatch,Galaxy Active 42mm,Black,19990,19990,4.4,Elastomer
SAMSUNG ,Smartwatch,Galaxy LTE,Silver,31999,31999,4.6,Elastomer
SAMSUNG ,Smartwatch,Gear S2,"Silver, Blue",24300,24300,4.3,Elastomer
SAMSUNG ,Smartwatch,Galaxy Active 46mm,Black,19990,19990,4.4,Elastomer
SAMSUNG ,Smartwatch,Galaxy 42,Grey,21989,25990,4.6,Elastomer
SAMSUNG ,Smartwatch,Galaxy 42,Black,24989,25990,4.6,Elastomer
SAMSUNG ,Smartwatch,Gear S2,Silver,24300,24300,4.1,Elastomer
SAMSUNG ,Smartwatch,Gear R730V S2,Grey,18532,22498,4.6,Elastomer
OnePlus ,Smartwatch,Watch,"Black, Silver",14999,16999,4.4,Elastomer
Huawei,Smartwatch,GT2 46mm,"Black, Brown",14990,20990,4.5,Elastomer
Huawei,Smartwatch,GT2 Pro,Black,22990,29990,4.4,Elastomer
Huawei,Smartwatch,GT2 Pro,Grey,24990,34990,3.5,Elastomer
Huawei,Smartwatch,GT2 eSport,Black,11990,19990,4.3,Elastomer
Huawei,Smartwatch,GT2 eSport,Red,8990,19990,4.3,Elastomer
Huawei,Smartwatch,GT2 42mm,Black,14990,19990,4.3,Elastomer
Huawei,Smartwatch,GT Fortuna-B19S Sport,Black,13990,20990,4.1,Elastomer
FOSSIL ,Smartwatch,FTW4010 Gold HR,Gold,15995,15995,4.8,Stainless Steel
FOSSIL ,Smartwatch,FTW6006 Gold HR,Gold,21995,21995,3.7,Stainless Steel
FOSSIL ,Smartwatch,Gen 5E,"Black, Silver ",18495,18495,3.8,Stainless Steel
FOSSIL ,Smartwatch,Q Wander,Gold,19995,19995,4.0,Stainless Steel
FOSSIL ,Smartwatch,Q Founder,Silver,19995,19995,4.2,Stainless Steel
FOSSIL ,Smartwatch,Marshall,Grey,18995,18995,4.0,Stainless Steel
FOSSIL ,Smartwatch,Gen 3 Q Venture,"Black, Gold",15396,21995,4.3,Stainless Steel
FOSSIL ,Smartwatch,Gen 5E,"Grey, Multicolor",18495,18495,4.6,Stainless Steel
FOSSIL ,Smartwatch,Q Founder 2.0,Black,19995,19995,4.2,Stainless Steel
FOSSIL ,Smartwatch,Marshall,Black,19995,19995,4.1,Stainless Steel
FOSSIL ,Smartwatch,Marshall,Blue,19995,19995,4.1,Stainless Steel
FOSSIL ,Smartwatch,Gen 3 Q Venture,Silver,19995,19995,4.3,Stainless Steel
FOSSIL ,Smartwatch,Marshall,Silver,18995,18995,4.0,Stainless Steel
FOSSIL ,Smartwatch,Q Wander,Silver,11997,19995,4.1,Stainless Steel
FOSSIL ,Smartwatch,Q Founder 2.0,Blue,11397,18995,4.1,Stainless Steel
FOSSIL ,Smartwatch,Q Wander,Silver,3799,18995,4.0,Stainless Steel
FOSSIL ,Smartwatch,Q MACHINE,Grey,6995,6995,4.6,Stainless Steel
FOSSIL ,Smartwatch,5th Gen Julianna,Black ,15995,22995,4.6,Stainless Steel
FOSSIL ,Smartwatch,Q Machine,Black,10796,13495,4.6,Stainless Steel
APPLE,Smartwatch,Series 6 GPS + Cellular 40 mm Graphite Stainless Steel Case,Graphite Milanese,67900,73900,4.5,Stainless Steel
APPLE,Smartwatch,Series 5 GPS + Cellular 40 mm Space Black Stainless Steel Case,Black Milanese,69900,69900,4.6,Stainless Steel
APPLE,Smartwatch,Series 5 GPS + Cellular 44 mm Gold Stainless Steel Case,Gold Milanese,73900,73900,4.2,Stainless Steel
APPLE,Smartwatch,Series 6 GPS + Cellular 40 mm Gold Stainless Steel Case,Cyprus Green,69900,69900,4.5,Stainless Steel
APPLE,Smartwatch,Series 5 GPS + Cellular 40 mm Stainless Steel Case,White,65900,65900,3.4,Stainless Steel
APPLE,Smartwatch,Series 2 - 38 mm Stainless Steel Case,Saddle Brown,56900,56900,4.6,Stainless Steel
APPLE,Smartwatch,Series 2 - 42 mm Stainless Steel Case,White,50400,50400,4.7,Stainless Steel
APPLE,Smartwatch,Series 2 - 42 mm Space Black Stainless Steel Case,Space Black,50400,50400,4.7,Stainless Steel
APPLE,Smartwatch,Series 6 GPS + Cellular 40 mm Gold Stainless Steel Case,Gold Milanese,67900,73900,4.5,Stainless Steel
APPLE,Smartwatch,Series 5 GPS + Cellular 44 mm Stainless Steel Case,Stainless Steel Milanese,73900,73900,4.2,Stainless Steel
APPLE,Smartwatch,Series 5 GPS + Cellular 44 mm Gold Stainless Steel Case,Stone,69900,69900,4.2,Stainless Steel
APPLE,Smartwatch,Series 6 GPS + Cellular 44 mm Silver Stainless Steel Case,Silver Milanese,77900,77900,4.5,Stainless Steel
APPLE,Smartwatch,Series 6 GPS + Cellular 44 mm Graphite Stainless Steel Case,Black,67900,73900,4.5,Stainless Steel
APPLE,Smartwatch,Series 5 GPS + Cellular 44 mm Space Black Stainless Steel Case,Black,69900,69900,4.2,Stainless Steel
APPLE,Smartwatch,38 mm Space Black Stainless Steel Case,Black,48900,48900,4.6,Stainless Steel
APPLE,Smartwatch,"Series 7 GPS + Cellular, 45 mm Stainless Steel",Black,77900,77900,4.6,Stainless Steel
APPLE,Smartwatch,"Series 7 GPS + Cellular, 45 mm Stainless Steel",Black,73900,73900,4.6,Stainless Steel
APPLE,Smartwatch,8 mm Stainless Steel Case,Milanese,56900,56900,4.6,Stainless Steel
APPLE,Smartwatch,"Series 7 GPS + Cellular, 41 mm Stainless Steel",Black,73900,73900,4.6,Stainless Steel
APPLE,Smartwatch,42 mm Black Stainless Steel Case with Link Bracelet,Black,79900,79900,4.6,Stainless Steel
APPLE,Smartwatch,42 mm Stainless Steel Case,Leather,60900,60900,4.5,Stainless Steel
APPLE,Smartwatch,38 mm Stainless Steel Stainless Steel Case with Modern Buckle,Black,64900,64900,4.3,Stainless Steel
APPLE,Smartwatch,8 mm Stainless Steel Case,Saddle Brown,56900,56900,4.3,Stainless Steel
APPLE,Smartwatch,series 2 - 38 mm Stainless Steel Case,Blue Modern,64900,64900,4.6,Stainless Steel
FOSSIL ,Smartwatch,Gen 5E,"Grey, Multicolor",18495,18495,4.2,Stainless Steel
FOSSIL ,Smartwatch,Gen 5 Garrett HR,Silver,15995,22995,4.1,Stainless Steel
FOSSIL ,Smartwatch,Gen 5 Julianna HR,Gold,18495,18495,3.8,Stainless Steel
FOSSIL ,Smartwatch,Gen 5 Julianna HR,Black,18995,22995,4.3,Stainless Steel
FOSSIL ,Smartwatch,Gen 5 Garrett HR,Black,14995,22995,4.1,Stainless Steel
FOSSIL ,Smartwatch,Gen 5 Julianna HR,Silver,18495,18495,3.8,Stainless Steel
FOSSIL ,Smartwatch,FTW5018 Hybrid,Gold,11596,14495,4.5,Stainless Steel
FOSSIL ,Smartwatch,Gen 5 Julianna HR,Grey,15995,22995,4.3,Stainless Steel
FOSSIL ,Smartwatch,Gen 5 Julianna HR,Blue,15995,22995,4.3,Stainless Steel
FOSSIL ,Smartwatch,4th Gen Explorist HR,Grey,10998,21995,3.9,Stainless Steel
FOSSIL ,Smartwatch,FTW6001,Gold,21995,21995,4.2,Stainless Steel
FOSSIL ,Smartwatch,Gen 3 Q Explorist,Black,15749,19995,4.1,Stainless Steel
FOSSIL ,Smartwatch,FTW6005,Black,19995,19995,3.8,Stainless Steel
FOSSIL ,Smartwatch,FTW1161 Hybrid,Gold,8995,14495,4.3,Stainless Steel
FOSSIL ,Smartwatch,FTW1142 Q Hybrid,Silver,9796,13995,3.7,Stainless Steel
FOSSIL ,Smartwatch,Gen 3 Q Explorist,Blue,15034,15034,4.3,Stainless Steel
FOSSIL ,Smartwatch,Gen 5 Julianna HR,White,14995,22995,4.3,Stainless Steel
FOSSIL ,Smartwatch,Gen 3 Q Explorist,Grey,21995,21995,4.4,Stainless Steel
FOSSIL ,Smartwatch,Gen 3 Q Explorist,Silver,3999,19995,4.2,Stainless Steel
FOSSIL ,Smartwatch,FTW1159 Hybrid,Gold,8995,12995,5.0,Stainless Steel
FOSSIL ,Smartwatch,FTW5016 Hybrid,Silver,6995,14495,4.6,Stainless Steel
FOSSIL ,Smartwatch,FTW5017 Hybrid,Gold,14495,14495,4.6,Stainless Steel
FOSSIL ,Smartwatch,FTW1141 Q Hybrid,Silver,6995,11995,4.6,Stainless Steel
FOSSIL ,Smartwatch,FTW5003 Hybrid,Gold,12995,12995,4.6,Stainless Steel
FOSSIL ,Smartwatch,FTW2114 Q,Black,18995,18995,4.6,Stainless Steel
FOSSIL ,Smartwatch,FTW1140 Q Hybrid,Blue,6995,13995,3.8,Stainless Steel
FOSSIL ,Smartwatch,FTW1134 Q Hybrid,Gray,11995,11995,4.6,Stainless Steel
FOSSIL ,Smartwatch,FTW2115 Q Watch,Red,18995,18995,4.6,Stainless Steel
FOSSIL ,Smartwatch,FTW1154 Hybrid,Black,8995,12995,4.3,Stainless Steel
FOSSIL ,Smartwatch,FTW5015 Hybrid,Blue,6995,14495,3.0,Stainless Steel
FOSSIL ,Smartwatch,Rose Gold Smart,Rose Gold ,21995,21995,4.6,Stainless Steel
FOSSIL ,Smartwatch,Rose Gold HR,Rose Gold ,21995,21995,2.8,Stainless Steel
FOSSIL ,Smartwatch,Q GRANT,Grey,6995,6995,4.6,Stainless Steel
FOSSIL ,Smartwatch,Q GRANT,Black,6995,6995,4.6,Stainless Steel
FOSSIL ,Smartwatch,Sadie Hybrid,Silver,8995,13495,4.0,Stainless Steel
FOSSIL ,Smartwatch,Carlie Hybrid,Gold,13495,13495,4.6,Stainless Steel
FOSSIL ,Smartwatch,Neutra Hybrid,Silver,13495,13495,5.0,Stainless Steel
FOSSIL ,Smartwatch,Garrett Hybrid,Black,6995,11995,3.7,Stainless Steel
FOSSIL ,Smartwatch,Cameron Hybrid,Black,8995,13495,4.6,Stainless Steel
FOSSIL ,Smartwatch,Machine Hybrid,"Silver, Brown",11995,11995,4.6,Stainless Steel
FOSSIL ,Smartwatch,Garrett Hybrid,Silver,10496,14995,3.7,Stainless Steel
FOSSIL ,Smartwatch,Eleanor Hybrid,"Brown, Gold",6995,11995,4.6,Stainless Steel
FOSSIL ,Smartwatch,Carlie Hybrid,Black,6995,11995,4.6,Stainless Steel
FOSSIL ,Smartwatch,Carlie Hybrid,Silver,8995,13495,4.6,Stainless Steel
FOSSIL ,Smartwatch,Latitude Hybrid HR,Black,12396,14995,4.3,Stainless Steel
FOSSIL ,Smartwatch,FB-01 Hybrid HR,"Silver, Black",14021,16495,4.0,Stainless Steel
FOSSIL ,Smartwatch,Latitude Hybrid HR,Grey,13196,16495,4.3,Stainless Steel
FOSSIL ,Smartwatch,Garrett HR,Gold,15995,22995,4.1,Stainless Steel
FOSSIL ,Smartwatch,4th Gen Venture HR,Black,17596,21995,3.9,Stainless Steel
FOSSIL ,Smartwatch,4th Gen Venture HR,Silver,10997,21995,3.9,Stainless Steel
FOSSIL ,Smartwatch,4th Gen Venture HR,Black,13195,21995,3.9,Stainless Steel
FOSSIL ,Smartwatch,FTW6010 Pink HR,Pink,15995,15995,4.4,Stainless Steel
Huawei,Smartwatch,GT2 46mm,Grey,20990,30990,4.5,Stainless Steel
GARMIN ,Smartwatch,Fenix 6S,"Black, Grey",70990,84090,,Stainless Steel
Xiaomi,FitnessBand,Smart Band 3i,Black,1270,1599,4.2,Thermoplastic polyurethane
OnePlus ,FitnessBand,Steven Harrington Edition Band,Blue,3299,3999,4.3,Thermoplastic polyurethane
OnePlus ,FitnessBand,Band,Dual Color,2499,2799,4.2,Thermoplastic polyurethane
FitBit,FitnessBand,Charge HR,Purple ,6990,14990,3.9,Thermoplastic polyurethane
FitBit,FitnessBand,Charge HR,"Orange, Pink, Green",14990,14990,3.9,Thermoplastic polyurethane
LAVA,FitnessBand,BeFit,Black,1999,3499,3.6,Thermoplastic polyurethane
Noise,FitnessBand,ColorFit2,"Black, Blue, Pink",1699,2499,3.9,Thermoplastic polyurethane
boAt ,Smartwatch,Storm,"Black, Teal Green, Grey",2999,5990,4.1,Thermoplastic polyurethane
Noise ,Smartwatch,ColorFit Qube SpO2,"Charcoal Grey, Black, Pink",2499,4999,4.3,Thermoplastic polyurethane
Noise ,Smartwatch,ColorFit Pro 3,"Green, Grey, Black, Blue, Pink, Red",3999,5999,4.2,Thermoplastic polyurethane
Noise ,Smartwatch,ColorFit Qube SpO2,"Charcoal Black, Beige Gold",2499,4999,4.3,Thermoplastic polyurethane
Noise ,Smartwatch,ColorFit Qube,"Black, Green",2499,4999,4.0,Thermoplastic polyurethane
Noise ,Smartwatch,ColorFit Pro 2 Oxy,"Black, Blue, Red",2499,4999,4.0,Thermoplastic polyurethane
Noise ,Smartwatch,ColorFit Brio,"Black, Green",3499,5999,4.3,Thermoplastic polyurethane
Noise ,Smartwatch,Fit Evolve,"Red, Black",5499,7999,3.9,Thermoplastic polyurethane
Noise ,Smartwatch,Fusiom Hybrid,Blue,5999,9999,4.0,Thermoplastic polyurethane
Noise ,Smartwatch,Evolve,"Black, Grey, Red",4999,7999,3.9,Thermoplastic polyurethane
Noise ,Smartwatch,NoiseFit Endure,"Black, Blue, Teal",2799,5999,3.9,Thermoplastic polyurethane
huami,Smartwatch,Amazfit Neo,Black,2499,3999,4.2,Thermoplastic polyurethane
huami,Smartwatch,Amazfit Bip Lite,Black,3499,5499,4.0,Thermoplastic polyurethane
GOQii,FitnessBand,Vital,Black,3499,3499,3.7,Thermoplastic polyurethane
Zebronics,Smartwatch,ZEB-FIT920CH,"Black, Grey, Red",2499,4499,4.6,Thermoplastic polyurethane
Zebronics,Smartwatch,ZEB-FITMe,"Black, Blue, Green, Grey, Pink",2799,4999,4.5,Thermoplastic polyurethane
FitBit,FitnessBand,Inspire 2,"Black, Desert Rose, Lunar White",6999,7999,4.4,Thermoplastic polyurethane
boAt ,Smartwatch,Xplorer,"Black, Red, Blue",3499,7990,3.8,Thermoplastic polyurethane
boAt ,Smartwatch,O2,"Black, Green",7990,7990,4.1,Thermoplastic polyurethane
Noise ,Smartwatch,ColorFit Brio,"Black, Pink",2999,5999,4.3,Thermoplastic polyurethane
Xiaomi,FitnessBand,Smart Band 5,Black,2499,2999,4.1,Thermoplastic polyurethane
Xiaomi,FitnessBand,Smart Band 4,Black,2099,2499,4.2,Thermoplastic polyurethane
Xiaomi,FitnessBand,Smart Band 5,Black,2469,2999,4.1,Thermoplastic polyurethane
Huawei,Smartwatch,GT2 eActive,"Green, Red",11990,19990,4.3,Thermoplastic polyurethane
huami,Smartwatch,Amazfit Bip S,Black,5299,6499,4.0,Thermoplastic polyurethane
huami,Smartwatch,Amazfit Bip S,Red,2999,4999,3.9,Thermoplastic polyurethane
huami,Smartwatch,Amazfit Bip S,"Green, Grey",3799,4999,3.9,Thermoplastic polyurethane
huami,Smartwatch,Amazfit Bip S,White ,4999,5999,4.0,Thermoplastic polyurethane